CustomerID,FirstName,LastName,Email,AddressLine1,AddressLine2,City,State,Zip,FavoriteColor,FavoriteQuote,VehicleVIN,VehicleMake,VehicleModel,VehicleYear,VehicleColor,CurrentMonthlyPremiumCents
"95232432720","Cheryl","Robinson","eligendi_quis@Flashspan.org","6721 Namekagon Parkway","","San Dimas","NC","3568940","Blue","totam voluptatem commodi corrupti ut!","AKY89JN174P4N092X","Volvo","XC90","2014","Red","14528"
"69242698901","Evelyn","Hall","CynthiaJenkins@Zoovu.org","4496 Hazelcrest Way","","Santa Cruz","LA","2473786","Teal","ab et repudiandae quis maxime.","1TW8MZXWR58VW31XK","Lincoln","Navigator","2011","Violet","34107"
"40158208292","Anna","Andrews","eum_tempore_et@Fliptune.mil","6204 Mcbride Park","","Merced","TN","5943182","Goldenrod","tempora consequatur iste incidunt et dolorum.","CUA2W4RHAUVZ6PYHS","Nissan","Versa","2005","Pink","26559"
"85391718543","Richard","Welch","jPayne@Yombu.net","1005 Helena Crossing","","Signal Hill","FL","0450132","Blue","accusamus veritatis sit voluptates!","7NRVJP77TR8NG8WXU","Audi","Q7","2021","Orange","20619"
"74356932704","Andrea","Morrison","sWheeler@Twitterbridge.org","5102 Fordem Parkway","","Blythe","AZ","0258568","Khaki","rerum qui sint ad fuga.","7RGZP7EPN9ZB689X3","Mercedes-Benz","GLE","2015","Red","10699"
"32815700745","Gloria","Bailey","eaque_quia@Aimbo.biz","3245 West Circle","","Dana Point","UT","7820999","Teal","soluta eum fugiat rerum quaerat autem est.","SHPK25JZXTDBNDPN6","Hyundai","Sonata","2021","Indigo","26428"
"34551736686","Ryan","Reynolds","tRoss@Dabtype.net","2191 Service Terrace","","Lynwood","AL","1359113","Purple","ad provident aliquam quas.","08LF1S2978EW2WBNT","BMW","2 Series","1994","Crimson","25974"
"79567120527","Julia","Tucker","quae@Oyoloo.com","722 Kennedy Lane","","Grand Terrace","CO","1721756","Yellow","ea officiis possimus iure voluptas perspiciatis magnam repellendus.","UAVMXCD5SY8H671SV","Tesla","Model X","1996","Crimson","14866"
"71616491888","Donald","Garrett","JoycePerry@Avamba.mil","393 Bartelt Pass","","Trinidad","KY","3106454","Puce","voluptatem fuga facere quo at.","9AJDK1BWDCSZBVTBL","Mazda","Mazda6","1998","Violet","25119"
"57161841709","Samuel","Butler","CraigMills@Twiyo.edu","7765 Grover Pass","","Cypress","AR","8248604","Yellow","dolorum possimus nulla est dolores quidem consequatur ut excepturi.","3RMFXJ3S29K76304T","Chevrolet","Impala","2008","Violet","22600"
"345746857210","Diane","Peters","tFowler@Zoomcast.info","7941 Chinook Pass","","Lincoln","HI","6402788","Puce","cumque aut aut sit.","8DXDCAZHHGXYWA6KJ","Cadillac","ATS","1996","Puce","35563"
"489566725611","Brenda","Perez","9Larson@Wikivu.gov","8880 Stang Junction","","Atherton","NM","9508509","Goldenrod","adipisci consequatur deleniti sit sint ut.","U1DDDARHNP0D1RMVJ","Mazda","CX-5","2011","Aquamarine","29335"
"073644016012","Donna","Carter","ea@Skyba.gov","8932 Melrose Terrace","","Irwindale","OK","5568478","Aquamarine","atque aliquid sed cum quia ratione vel dolorem voluptates iusto.","EJKUPSL9ZUXHPDH70","Volkswagen","Golf","2000","Indigo","27242"
"680767069913","Diana","Olson","BrucePhillips@Dabvine.net","5855 Cottonwood Street","","Adelanto","TX","4547137","Yellow","placeat quia veritatis id atque doloremque.","XK4T9PGCBT0UMHLML","BMW","4 Series","2006","Blue","29510"
"394723848014","Bonnie","Wallace","5Ferguson@Dazzlesphere.info","2207 Milwaukee Center","","Auburn","WA","7894265","Mauv","unde asperiores consequatur facere repellat voluptatibus deleniti dolorem a incidunt nisi exercitationem.","H6XC30GJ4KT5SVN0W","Ford","Focus","2002","Puce","16369"
"722457053315","Julia","Ortiz","bWhite@Browsedrive.info","6348 Artisan Plaza","","Belvedere","ID","7899597","Crimson","officiis dolore minus qui sapiente sunt voluptas voluptatibus reprehenderit.","09XL6KACE9S8V1LM0","Audi","Q5","2015","Goldenrod","28974"
"875974126316","Daniel","Fowler","6Hill@Rhynoodle.net","1383 Glendale Street","","Dixon","MD","2577131","Teal","optio enim provident et non nemo accusantium necessitatibus.","TTYL4M83RKNYH18NX","Chevrolet","Colorado","1999","Maroon","23495"
"410363027317","Donald","Knight","dolores_rerum@Zava.biz","6443 Mcbride Court","","Palm Springs","SD","9999316","Orange","accusamus aliquam omnis earum placeat sit!","1M4249C9PX82MS15H","Ford","Expedition","2019","Turquoise","24711"
"242217383118","Peter","Richards","7Henry@Zoomdog.gov","6698 Russell Parkway","","Bell","WV","1431354","Yellow","sequi autem reiciendis adipisci quod quae adipisci iure.","3Y47C7TTPJN0P0DC8","BMW","6 Series","2000","Maroon","12591"
"048873323719","Mary","Montgomery","delectus_dicta_cupiditate@Einti.net","577 Sachs Lane","","Laguna Woods","ID","2329264","Khaki","rem est consequatur ex quaerat aut porro tempora!","5RWJ9ALF0RTJWCY1M","Cadillac","ATS","1994","Green","23249"
"584384928520","Jean","Warren","RobertReyes@Babbleopia.org","9156 Doe Crossing Plaza","","Hollister","LA","5219418","Maroon","ut aut in at sapiente nulla.","ZFBYULJ9DSLLRP9E8","Tesla","Model X","2009","Maroon","13205"
"112252918121","Margaret","Henry","JoanHarrison@Fliptune.mil","4595 Mcbride Place","","Woodland","AR","8394236","Green","architecto voluptatibus magnam nemo et dolor quis officiis aliquid.","F6MSZXGFUVFKPEVEG","Audi","A8","2005","Khaki","8130"
"331793287922","Eugene","Edwards","ChrisRichards@Tanoodle.net","2230 Westerfield Center","","Ojai","WA","5519133","Yellow","ut eum nihil porro et omnis.","68Y9LRSS14VF01WWR","Mazda","CX-5","2007","Purple","31889"
"550811584623","Lori","Price","nHamilton@Dynabox.gov","9788 Hudson Court","","Lodi","WY","0693016","Indigo","sed hic ipsum placeat dignissimos dolor assumenda!","5VEG0L08SBVDSGZRY","Tesla","Roadster","2004","Green","13918"
"410028957024","Ronald","Lynch","voluptas@Avaveo.biz","2823 Sunbrook Lane","","Costa Mesa","ND","5501547","Orange","eum voluptate reiciendis eos sunt.","ZW4LBUWJS94W23UES","Hyundai","Elantra","2020","Orange","27659"
"373385491625","Ashley","Simmons","fMatthews@Realbridge.net","8191 Dorton Hill","","Adelanto","MA","1775307","Yellow","est doloribus qui error.","TTLNGKDEYDVX61EVZ","Lincoln","MKT","1999","Yellow","8869"
"277904955126","Debra","Jacobs","EmilyWillis@Skipstorm.edu","3277 West Lane","","Covina","AR","4426828","Maroon","pariatur consequatur explicabo nisi architecto!","1MLPEJF9H3C35ENC9","Mercedes-Benz","GLS","2003","Orange","35053"
"885754937327","Randy","Long","MarkGriffin@Riffpath.mil","2077 Graedel Avenue","","National City","WY","9792070","Purple","fuga nihil facere libero aut maxime ut ut sint quia.","1762CMFNP7A64BYL6","GMC","Canyon","2005","Goldenrod","28865"
"259647700628","Janet","Richardson","pBailey@Divape.mil","939 Lien Terrace","","Portola Valley","AK","6497363","Purple","quis quod voluptatum minima.","YXL8WCPXC612N8W9K","Volvo","V60","1999","Crimson","25594"
"146036885429","Frances","Shaw","KathleenHowell@Devpulse.edu","1637 Monterey Lane","","Placerville","MS","2760223","Aquamarine","quae labore voluptas provident.","S276SPE8DMCZS24NT","Buick","Regal","2017","Teal","18722"
"573538958930","Joshua","Fields","commodi_vero@Layo.org","5458 Debra Parkway","","Fortuna","IN","5166485","Turquoise","doloribus culpa quis sapiente quaerat inventore!","YWTZ044FYT26MNKKK","Volkswagen","Jetta","1997","Aquamarine","16348"
"379204363831","Ruby","Watkins","8Taylor@Omba.com","9636 Fallview Plaza","","Auburn","NV","1038006","Aquamarine","suscipit ut rerum pariatur sed laborum fugiat nihil porro cupiditate aperiam est.","E0Z93R3JHJVPMH45N","Hyundai","Tucson","2007","Indigo","22451"
"078922018432","Todd","Murray","RandyDaniels@Eidel.com","1990 Laurel Parkway","","Bishop","UT","8518823","Indigo","et voluptatem ipsa inventore.","XLD7FFC56EAST9SN3","Volvo","XC40","2009","Mauv","34069"
"220155071033","Beverly","Morrison","JosephHenderson@Gigashots.gov","91 Florence Road","","Manteca","IL","3423596","Yellow","molestiae illum sint asperiores in possimus ab!","FC03985GB4SU1JCJ6","Ram","3500","2004","Teal","33533"
"464108823034","Alice","Alvarez","6Moore@Centidel.gov","6467 Upham Park","","Escondido","PA","0193251","Red","illo architecto enim expedita dolores dolor officia explicabo dolorum magnam.","4SPWHVD6762XB11P7","Chevrolet","Colorado","2012","Red","28002"
"920853643535","Nancy","Shaw","qFowler@Babbleopia.com","868 Susan Hill","","Highland","KY","1701092","Indigo","id culpa commodi esse aspernatur deserunt voluptas.","RPX0M1Y0G1V9BNNKE","GMC","Acadia","2017","Teal","32530"
"007578482936","Bruce","Warren","tGardner@Camimbo.net","4158 Troy Alley","","Los Banos","CT","6452077","Teal","et et quisquam sapiente repellat architecto voluptatem error!","1FAVCRP70U2JT7S91","Chrysler","300","2012","Indigo","7086"
"608010695737","Adam","Adams","AlanAlvarez@Livetube.net","8437 Crownhardt Pass","","Ross","ME","3220008","Puce","aliquam eligendi ea qui qui enim.","J7PMPM9WG7FPWEFFP","Volkswagen","Golf","2020","Aquamarine","10437"
"472910364438","Harry","Owens","ut_ipsam_est@Mita.gov","4977 8th Crossing","","El Centro","SD","6862977","Purple","harum nostrum quia voluptate.","D7H5HADNGM20645BN","Volkswagen","Tiguan","2017","Blue","27306"
"789010161739","Edward","Bowman","GeraldWashington@Flipstorm.net","5554 Shasta Plaza","","Belmont","CT","3217940","Orange","in veniam asperiores et nostrum et molestiae tempora dolore.","WZX1C20SE29CC07TX","Hyundai","Elantra","1995","Yellow","10845"
"205403113040","Donna","Rose","tRyan@Camimbo.info","1400 Dexter Lane","","Yreka","CT","9166016","Orange","sed et esse nesciunt.","FLLB153ANJBVS6GZE","Toyota","86","2000","Fuscia","18756"
"010221433941","Denise","Ramos","RubyWells@Flashdog.org","232 Michigan Parkway","","La Mirada","NM","0136060","Khaki","aut suscipit aut eius.","JNB1FMMNAMRD6EW7U","Mazda","CX-9","2016","Crimson","17403"
"914499591542","Nancy","Price","4George@Dabshots.com","1638 Bluestem Street","","Chino","IN","0395132","Turquoise","consequuntur fuga id nostrum et!","UUEU91P0BDYFBPNCK","Honda","Pilot","2013","Puce","13269"
"352294124143","Lori","Richards","et_veniam@Edgeclub.net","2749 Glacier Hill Court","","Palmdale","DE","5408157","Maroon","quaerat blanditiis iure est eligendi perferendis tenetur non.","V8U0EN81SWV1ALDE1","Lincoln","Continental","2017","Aquamarine","31613"
"483454523144","Sarah","Lee","occaecati_id_incidunt@Blogpad.name","5014 Mariners Cove Parkway","","Oceanside","MA","3153556","Aquamarine","quod porro nisi esse quia sint.","9K6WE3GV8RMP844E9","Hyundai","Santa Fe","2018","Aquamarine","35439"
"697331387045","Tammy","Morris","fugiat_et_itaque@Topicware.biz","9542 Bobwhite Junction","","Bell Gardens","NC","1530415","Goldenrod","dolorem earum perspiciatis neque possimus nam repudiandae!","T6JWNK1RWDSTZZM45","Mercedes-Benz","GLE","2022","Fuscia","22804"
"324080133146","Ralph","Smith","ElizabethAnderson@Voonte.mil","4293 Declaration Parkway","","Buena Park","RI","6258834","Goldenrod","maiores eos enim qui.","LE3DMJUCH5DK1RX21","Ford","Focus","2016","Turquoise","28467"
"812629938147","Jessica","Little","2Ramos@Wikizz.biz","7985 Merchant Crossing","","Livingston","AZ","6550394","Pink","rerum id et et libero!","9Y23BM2RX4SXPC71V","Dodge","Challenger","1994","Turquoise","25567"
"304768778948","Carl","Davis","GaryHunter@Flipbug.gov","4346 Anniversary Terrace","","San Fernando","MO","8065884","Yellow","maxime possimus quia.","M6589EWSAKSN7PACP","Chevrolet","Bolt","2001","Fuscia","26019"
"041066487449","Paula","Butler","sit_ea@Trunyx.net","4927 Burrows Lane","","Paramount","MD","4654224","Fuscia","et hic eius beatae voluptas.","DB5DV02XKFT83N0HC","Ford","Focus","1994","Red","9349"
"202323247350","Elizabeth","Morales","sunt@Youopia.org","4499 Norway Maple Court","","Tiburon","MI","6992145","Crimson","vitae nesciunt incidunt impedit consequatur molestiae et asperiores.","6YLH413SWT42RUYU8","Ford","Escape","2019","Yellow","26705"
"705313061151","Jeffrey","Henderson","sit@Abatz.net","9963 Pine View Terrace","","Santa Paula","WV","3292905","Orange","incidunt sint voluptatem repellat aliquam veritatis quo sit.","BE5W82EU910Z00W2M","Buick","LaCrosse","2003","Indigo","9452"
"152012991552","Brandon","West","DebraRichardson@Oozz.com","6303 Vahlen Road","","Willows","SC","5210073","Aquamarine","et eius laborum quo in rerum et facilis dolores similique.","BFWMABP28D1V9S4ZF","Jeep","Compass","2023","Goldenrod","26880"
"072230060353","Jeremy","Stanley","zRyan@Quimba.name","4419 Stephen Court","","Nevada City","MI","8236011","Green","incidunt libero delectus temporibus laboriosam.","H6X5YRULTDCYLM7AD","Volvo","XC90","2011","Puce","15549"
"366980050954","Paul","Perry","JackOlson@Kwimbee.edu","1839 New Castle Hill","","Pleasanton","NV","0478271","Fuscia","dignissimos et quisquam sunt quidem tempora voluptatem.","4CTJV2L36JXFJ9WJ7","Ram","2500","2021","Teal","8632"
"901291713255","Joe","Riley","JaniceWashington@Mynte.info","2797 American Road","","Dixon","TN","6289173","Goldenrod","nobis debitis maxime et et.","CJUCSA74RF4W12Z39","Tesla","Roadster","2003","Indigo","15473"
"962087746656","Jane","Dunn","yHart@Yotz.info","1303 Aberg Place","","Soledad","TX","5880100","Teal","vel accusantium fugit quia doloremque neque sint.","295KVAX613XB68JC5","Lincoln","MKC","2017","Yellow","27461"
"160970424857","Robert","Sanchez","bKnight@Fivebridge.gov","7873 Charing Cross Center","","Hercules","NM","4155172","Aquamarine","laboriosam repudiandae est magnam.","XV262ZWZ9SBW3DM3K","Hyundai","Tucson","1996","Aquamarine","32667"
"505401035258","Roger","Collins","0Jenkins@Topicware.name","7901 Logan Road","","Pacific Grove","WY","9777798","Khaki","similique ipsum et qui!","YCAH3TEA7AJW1KCWW","Hyundai","Sonata","1998","Yellow","33205"
"233628086759","Stephanie","Sims","MariaDean@Topdrive.gov","5781 Sutherland Drive","","Atascadero","LA","2151439","Purple","incidunt at est aut occaecati.","CE3FR1T5H907L9FB5","Ford","Fiesta","1998","Indigo","25235"
"042656133760","Emily","Stewart","JohnnyWagner@Gabvine.info","2767 Sachs Parkway","","Atwater","ME","1636371","Pink","et aliquam omnis vitae cum.","774SD7H8PTDFUFXNJ","Buick","Encore","2018","Mauv","23998"
"840203441861","Gerald","Ford","CharlesMurphy@Einti.gov","1825 Nobel Parkway","","Carlsbad","NY","0661914","Yellow","quasi eos nam ut dolorem est cupiditate.","ZDLRMK24JAGYYCCL4","Nissan","Armada","2005","Turquoise","35499"
"974354356362","Joyce","Jones","6Perkins@Mynte.mil","1632 Grayhawk Place","","Clearlake","WI","1865425","Blue","ducimus odit doloremque error assumenda corrupti!","BFENZFB0BATUE87MU","GMC","Terrain","1993","Puce","21357"
"876693985063","Jerry","Morrison","BettyFlores@Kazio.gov","7272 Debra Junction","","Windsor","MN","4634839","Goldenrod","quod dolorem laborum illum deserunt quo odit.","VU3CG89WYPF3PH4WF","Mercedes-Benz","E-Class","2021","Fuscia","16106"
"324394980264","Jane","Stewart","ex@Buzzster.info","653 Ramsey Place","","Montebello","NV","0253162","Fuscia","maxime rerum quis numquam assumenda.","7FUV63YT5B9MPJ80P","Jeep","Cherokee","1997","Turquoise","24385"
"779208178965","Arthur","Jordan","lHarrison@Camimbo.net","4608 Elka Terrace","","Tulare","AL","1549521","Fuscia","consequatur est saepe aut fuga.","M98DZGMV8ZS1216U6","Volvo","V60","2000","Blue","31607"
"054178224966","Clarence","Armstrong","totam_dolorem_quos@Flashdog.com","3243 Huxley Drive","","Portola","ND","5464411","Blue","eum molestiae quos vel magni consequatur.","8VJU7K8U939B24VJX","Buick","Enclave","2001","Pink","32924"
"120647151367","Terry","Cooper","SharonFlores@Zoovu.name","7769 Elgar Terrace","","Firebaugh","MD","9128243","Khaki","sed ipsa optio porro aut perspiciatis.","NF8W8S3P6H2LPKJUD","Dodge","Dart","2020","Yellow","30613"
"360054479068","Jane","James","iFerguson@Flashpoint.gov","2433 Warbler Alley","","Chula Vista","ME","4786770","Fuscia","voluptate voluptatem officia assumenda id suscipit molestias!","8K4DP0L4YUEX6WUSP","Lincoln","MKC","2011","Red","22773"
"486710763869","Sean","Nichols","vAlvarez@Oyonder.gov","5296 Linden Avenue","","Hillsborough","NE","1697356","Pink","quos aut autem sit dolor nihil praesentium recusandae eos.","LM7SWMKPBYPJP6Z86","Chrysler","Pacifica","2004","Purple","30896"
"767167844070","Anne","Jenkins","AnneWest@Roodel.com","5073 Gale Center","","Fontana","IL","9412150","Pink","quisquam sed id ut est nam qui magnam similique.","7UHURN4LY6HBZJG45","Nissan","Juke","2012","Fuscia","17392"
"475664559571","Jacqueline","Clark","SandraJenkins@Quamba.edu","5165 Heath Drive","","Stanton","NJ","7988532","Mauv","sed dolor culpa.","B4JGTTRR5TUHNWWSN","Volvo","S60","2015","Turquoise","14180"
"996871417572","Marie","Howard","PatriciaSanchez@Thoughtbridge.info","9399 Hanson Center","","Dos Palos","NM","1598983","Goldenrod","enim magni id et et.","4CF5Y0G0B8AU1NEB3","Honda","Crosstour","2001","Yellow","11562"
"111041661373","Carlos","Ford","JackAnderson@Voonix.edu","5907 Red Cloud Alley","","Irvine","MT","8491858","Pink","quasi nemo eaque laudantium maxime dolores doloremque praesentium voluptatem possimus consequatur.","D2JWX0SZCGLHYW4BB","Cadillac","XT5","2010","Red","22465"
"030904467874","Benjamin","Cunningham","aSimmons@Topicware.gov","3443 Ohio Drive","","Woodland","WV","7859682","Turquoise","qui ipsa rerum!","F899MBZHB4EWJFHB8","Toyota","86","2004","Mauv","22579"
"223436644075","Wayne","Evans","JackKing@Camido.info","6353 Sauthoff Park","","Villa Park","MS","6141861","Fuscia","autem minima quaerat accusantium atque.","ET16TUW5PVUH988TR","Nissan","Frontier","2022","Puce","10748"
"105080672776","Beverly","Stevens","zCooper@Twinder.gov","3936 Moland Terrace","","East Palo Alto","MA","6257076","Fuscia","nulla debitis explicabo impedit rem adipisci asperiores.","YYDZG041ML6EYKZNX","Honda","HR-V","2018","Indigo","16299"
"821410989177","Wayne","Edwards","ClarenceHughes@Yodoo.edu","723 Porter Circle","","Santa Ana","LA","2459549","Khaki","itaque temporibus architecto odio autem porro.","CM1A0V6BVYHAYXY4J","Toyota","Corolla","2017","Teal","6618"
"104390573878","Dorothy","Harrison","aliquam_velit@Kanoodle.info","6681 Blaine Alley","","Montague","MO","1160337","Teal","a non omnis quam repellat et.","SP2BZE8A27VP3GKZ4","Kia","Optima","2001","Teal","31647"
"331337404979","Angela","Mcdonald","nHoward@Trudeo.edu","6155 Fordem Hill","","Pacific Grove","CT","6765681","Teal","debitis sed voluptas ut error sit adipisci rerum.","UBMV9B4KB6Y5ZX42K","Lincoln","MKZ","2016","Crimson","14366"
"924943172580","Harold","Carroll","wLane@Buzzbean.gov","6689 Nevada Terrace","","Pomona","UT","4709940","Orange","aut aut vel quidem et est.","TAGYPHCS6G3KLN480","Buick","Envision","2023","Violet","13380"
"230151510581","Cynthia","Miller","deserunt@Buzzdog.com","4106 Lerdahl Road","","Yorba Linda","DE","8894210","Violet","doloremque voluptatum non maxime eligendi dignissimos ducimus molestiae consequatur libero.","36DPC1VJXMRLBTAPT","Nissan","Frontier","2007","Purple","7470"
"383247074182","Kathy","Matthews","WandaPerry@Wikivu.mil","25 Swallow Avenue","","Novato","LA","7659066","Turquoise","quod amet optio.","GT3EM6B3PV85VHBU0","Jeep","Renegade","2015","Orange","8271"
"756164973183","Nancy","Perry","AdamMartinez@Youtags.name","8847 Veith Park","","Rosemead","WY","0024897","Maroon","harum ea voluptatem libero eveniet odio inventore.","YDBVBP94VM2KV4MK0","BMW","X4","2023","Teal","27463"
"305068324184","Cynthia","Ford","odio_magnam@Centimia.biz","8386 Clove Crossing","","Ross","GA","2132008","Blue","qui consequatur hic reiciendis sapiente animi!","5FAU0XD68PVJK06BH","Volkswagen","Beetle","2004","Turquoise","9743"
"123035787185","Jack","Johnson","mMedina@Jaloo.com","65 Division Hill","","City of Industry","IN","6308132","Aquamarine","ad veritatis ipsam blanditiis labore earum numquam.","AWBDV4H48LH2K2KE9","Tesla","Model X","1996","Orange","34439"
"580313000086","Jonathan","Lee","mNguyen@Wikivu.edu","5389 Morrow Trail","","Colton","RI","1926727","Purple","provident quia molestiae.","D8MTRXZPPBPYJYN8R","Nissan","Armada","2009","Mauv","23016"
"042444762087","Deborah","Howell","KathleenJones@Skyble.gov","343 Forest Park","","Monte Sereno","KS","0444237","Pink","ut commodi provident qui voluptatibus.","RPD20N4TUYEDX9BLY","Volkswagen","Atlas","2008","Khaki","32606"
"830289458488","Kathy","Taylor","8Coleman@Gigabox.edu","7999 2nd Street","","San Fernando","NC","9949667","Puce","aperiam quaerat quisquam ea est debitis dolor dolore blanditiis porro voluptatem.","F8S7LYECP2ESPHDCV","Jeep","Compass","2010","Green","15860"
"042340271789","Nicholas","Arnold","tJohnston@Topdrive.edu","1046 Merrick Pass","","Perris","MD","8189818","Yellow","vel voluptates voluptatibus pariatur possimus.","0RU416VU210WU7GE8","GMC","Sierra","2005","Red","18599"
"472149584190","Lisa","Price","KathrynCooper@Twitternation.org","2518 Vera Road","","Auburn","NV","1382856","Green","quos et non molestias laudantium vel ratione earum enim doloremque molestiae.","0DMV3XSMAVEMAG0JW","Toyota","Tacoma","2001","Crimson","34084"
"218099456391","Antonio","Watkins","3Gomez@Blogtags.name","9815 Lien Hill","","Oakland","KS","3971121","Maroon","animi dolorem nobis alias.","6B2RBEKKT08W83C8N","Honda","Insight","2004","Violet","6985"
"216107787192","Johnny","Reed","autem_veniam@Jetwire.mil","1194 Pierstorff Alley","","Dorris","MN","1485336","Aquamarine","qui nulla ut aliquam maxime minima.","YN42K609U8NM1RLVR","Cadillac","CTS","2014","Fuscia","22593"
"232689534193","Randy","Gomez","praesentium@Dynabox.edu","2396 Goodland Pass","","Fortuna","AK","9184286","Fuscia","corrupti similique suscipit rerum sequi.","L6M1KAF1G3R4VLUK7","GMC","Terrain","2005","Mauv","32440"
"190923426894","Nancy","Olson","AntonioJames@Yodoo.org","2090 Grover Court","","Porterville","DE","0542636","Teal","et velit repellendus aliquam consequatur voluptatem.","AHC51W4FPNSLGLFCY","Cadillac","XT5","1995","Red","20523"
"455359426595","Donald","Howell","recusandae_voluptas_omnis@Skaboo.org","8848 Meadow Valley Parkway","","City of Commerce","TX","8684328","Red","saepe qui natus odit libero autem impedit doloribus.","2J91WZK70788R077G","Honda","CR-V","2004","Green","11473"
"976003541396","Jean","Jackson","AnneReid@Twiyo.org","5809 Algoma Court","","Fort Bragg","VT","4613821","Blue","ipsam rerum soluta iste.","49LJDEFMV7R5CW2TF","Mazda","CX-5","2005","Crimson","17086"
"940663093397","Shawn","Snyder","yMcdonald@Wikivu.net","8558 High Crossing Crossing","","Portola Valley","NE","3591074","Orange","enim quo nobis distinctio earum sint sed.","AUZTK090LJ2CETWBJ","Buick","Encore","1995","Green","23593"
"165220769498","James","Ferguson","id_fugit@Topiclounge.org","7088 Kings Way","","Emeryville","IA","1886634","Pink","enim repellendus libero omnis architecto suscipit porro.","GM51DUT1X468H8PX6","Jeep","Compass","2007","Crimson","11954"
"210740628699","Heather","Bishop","voluptatum_doloremque_sequi@Kwideo.biz","5249 Autumn Leaf Street","","Woodside","NH","9704595","Pink","qui et est expedita.","W1ADUJYW6NMH22UEC","Volvo","XC40","2010","Crimson","23687"
"8865509260100","Christopher","Howell","MelissaBrooks@Topiclounge.org","2574 Fulton Park","","Claremont","OH","1278624","Indigo","cumque in beatae deserunt nostrum non.","974WSB8KMG4AS11XC","Chevrolet","Traverse","2023","Green","19689"
"1663661234101","Christine","Medina","vitae_ea@Meevee.info","9710 Village Green Trail","","Patterson","KY","5252629","Green","et aut excepturi id!","WBN53YPMZXDE4WE9K","Ram","2500","1996","Mauv","26687"
"4077852896102","Joan","Carpenter","SandraGordon@Cogilith.name","2313 Barby Avenue","","South Pasadena","OK","5343739","Yellow","eum dolores velit impedit nostrum ratione voluptate!","JJN2R489MJXRYGTV7","Hyundai","Ioniq","2002","Yellow","23075"
"8647173369103","Daniel","Sullivan","RyanJames@Jabbertype.com","324 Mccormick Center","","La Mesa","ND","6044013","Blue","expedita saepe itaque voluptatem et est pariatur vel.","AN960F1SRRZ3VV9FE","Chrysler","300","2022","Blue","29745"
"9121310712104","Beverly","Simpson","quis_et_maiores@Vipe.net","941 Gateway Pass","","Red Bluff","IA","3422818","Pink","quidem consequatur est ab!","8JWJ7HAFMFH5EW3NT","Buick","Enclave","2012","Orange","24270"
"6467640744105","Gregory","Diaz","DouglasTorres@Wikibox.com","930 Elka Place","","Los Altos","NY","6736376","Fuscia","delectus doloribus accusamus et quis sunt quaerat doloribus atque quis.","BMJ2R5NVZNK5ZEF51","BMW","X6","2022","Fuscia","20701"
"9706559008106","Patricia","Kennedy","yFernandez@Voomm.info","2521 Becker Street","","Vista","AR","9833243","Maroon","architecto magni quia exercitationem est.","LFNUTNB0YDP2SRATG","Mercedes-Benz","GLE","2009","Goldenrod","34246"
"2074119134107","Arthur","Marshall","SeanHayes@Devcast.edu","4068 Sherman Terrace","","Tracy","IA","0052263","Teal","ducimus tenetur occaecati rerum id vitae.","DTBK954LHDV42JK18","Tesla","Model 3","2019","Green","23408"
"9544184559108","Dorothy","Robinson","error_aut@Skyvu.edu","9455 Spenser Center","","Los Altos","MD","9107090","Violet","voluptatum eum provident.","PEKBYJYBYA65W2TJS","Tesla","Roadster","2002","Puce","14858"
"3784867560109","Christina","Ross","AshleyStewart@Aimbo.biz","9842 Anzinger Street","","Red Bluff","NH","6090830","Teal","aut omnis et dolor deleniti officia repudiandae voluptatem.","K683S4K3YTBTG32TA","Nissan","Armada","2000","Crimson","32987"
"2435509552110","Peter","Carter","et_voluptatem@Mydo.info","5575 Daystar Plaza","","San Francisco","WY","8665868","Purple","et quo esse qui consectetur optio voluptatibus excepturi eveniet.","PH9UEJ7MC4C6PELSH","Kia","Sedona","2018","Yellow","30211"
"2913408387111","Rebecca","Matthews","at@Topdrive.gov","8624 Milwaukee Crossing","","Palo Alto","AR","3833918","Pink","et facilis reprehenderit consequatur amet.","H3U6PVHU572RU2RHS","Toyota","Sequoia","1998","Maroon","26548"
"1514590514112","Catherine","Anderson","GeraldBailey@Shufflebeat.com","2092 Bobwhite Terrace","","Redwood City","ND","2853238","Aquamarine","dolore rerum labore et voluptas ab autem dolore omnis.","7XN44PUG76HKMNURT","Dodge","Dart","1994","Purple","12360"
"5679133135113","Keith","Butler","PamelaWashington@Miboo.biz","2817 Hermina Park","","Downey","SD","7218489","Aquamarine","consequatur molestias quae quod perspiciatis vitae rerum ipsa.","H13S3JG7FZRBYBH6S","Kia","Soul","2011","Goldenrod","12774"
"2469746743114","Tammy","Stone","jColeman@Kare.org","6539 Oxford Court","","Susanville","IN","4225977","Fuscia","ut recusandae odit necessitatibus autem quisquam.","5PH8K0Y6HYYEN8MGK","Nissan","Kicks","2002","Aquamarine","34446"
"1266466619115","Deborah","Hansen","blanditiis_perspiciatis_et@Gabtype.gov","4157 Hoffman Junction","","Sanger","TX","5735499","Crimson","sint est similique libero iusto.","5AC0RUWL9FGNMPJMX","Audi","A7","2007","Yellow","14393"
"2571515016116","Edward","Walker","NormaKennedy@Tazzy.net","161 Kedzie Crossing","","Sand City","WY","2723852","Maroon","consectetur quaerat consequatur voluptatibus expedita.","MPAT56VN53VC4F8RX","Audi","Q3","2020","Blue","25597"
"6115652237117","Diana","Meyer","dicta_quis@Rooxo.gov","9704 Manitowish Drive","","Bell","NE","8498590","Goldenrod","velit amet aut rem et perspiciatis.","ZPGEKWZH177NT7ZMF","Jeep","Renegade","2016","Goldenrod","9367"
"3657110020118","Kathryn","Woods","lGutierrez@Ozu.info","7925 Clyde Gallagher Center","","Redding","SD","3815883","Violet","magni dignissimos est!","3PK7HYPUZGDAGWPN3","Hyundai","Santa Fe","2003","Puce","32015"
"4288141698119","Eugene","Torres","ex_velit@Plajo.mil","9232 Comanche Road","","Salinas","KS","2640069","Purple","officia illum non quia ut.","88PSGAKVAZ1GS97C5","Buick","Envision","2006","Red","20518"
"2707765333120","Terry","Duncan","TheresaHunt@Jabbersphere.info","4126 Thierer Park","","Woodlake","FL","7667028","Puce","explicabo debitis quo rerum!","FJNZUPYMSA45CS7ZH","Tesla","Model S","2019","Goldenrod","25521"
"0786129588121","Russell","Chavez","TinaRobinson@Divavu.net","6219 Miller Point","","Hermosa Beach","ND","2745358","Purple","laborum adipisci suscipit exercitationem.","SG5HZTRKKW7UEYJNK","Jeep","Cherokee","2002","Red","18574"
"1533029123122","Walter","Bradley","ut_sit@Kwimbee.com","9501 Hollow Ridge Terrace","","Hemet","VA","6117335","Crimson","incidunt officiis possimus eligendi labore et.","85TB6626PY5D9N7PZ","Chevrolet","Traverse","1998","Fuscia","10083"
"6286521703123","Jennifer","Little","nemo_eos@Viva.biz","9364 Westerfield Way","","National City","NY","7609408","Violet","vel nostrum nam consequatur quasi aut quisquam et.","0NANG0VB2RVR5UJ6N","Chrysler","300","2017","Crimson","32891"
"8964175456124","Anna","Taylor","0Johnston@Jabbersphere.name","5452 Tennyson Avenue","","Brisbane","CT","0084097","Pink","incidunt non doloribus ullam non consequatur molestias enim amet.","U3R5A2F1EFUR196T2","Chrysler","300","2011","Puce","32265"
"9426739457125","Thomas","Cruz","iDay@Skyble.gov","3590 Transport Park","","Winters","AK","2756644","Goldenrod","ipsum est doloribus autem nobis optio.","TE0GK9MPYAUGMEA4Z","Volkswagen","Jetta","2019","Fuscia","31756"
"4457614285126","Emily","Banks","mWilliamson@Oloo.edu","3971 Badeau Crossing","","Needles","SC","3986337","Blue","aut occaecati optio!","GSNSDH2RJB32TL2WK","Dodge","Charger","2017","Maroon","21914"
"0414940233127","Carolyn","Vasquez","0Olson@Zooveo.mil","7353 Hermina Park","","San Dimas","KY","8386677","Violet","et deserunt corrupti delectus similique unde sed.","BNW1D1W9M5EPB4THM","Audi","Q7","1999","Indigo","25786"
"9956793685128","Adam","Hamilton","debitis_similique@Realbridge.info","3553 Summit Avenue","","Colma","OR","6830394","Indigo","harum architecto fugit nesciunt et labore fugiat sit.","EP7JPN18YXGPF4WL3","Hyundai","Azera","2013","Green","12892"
"9365759344129","Lawrence","Nguyen","vArnold@Oyonder.gov","5940 Sachs Court","","Foster City","TX","7889146","Turquoise","eos soluta harum consequatur adipisci!","SH05BTF38EMC5BK7K","Volvo","S90","2010","Orange","6686"
"2264855241130","Katherine","Bowman","odio_non@Katz.name","2508 Packers Point","","Burbank","AL","8827458","Yellow","occaecati id ut possimus numquam quibusdam rerum dolorem.","MUJD9FZDDNAH8GGF8","Cadillac","XT5","2017","Khaki","10589"
"3118939710131","Brandon","Pierce","qui_quo_minima@Kaymbo.edu","1176 Fremont Avenue","","Roseville","NH","0299323","Aquamarine","reprehenderit odit nihil voluptas unde et nostrum.","TTBBP79BV89U9NYA2","Jeep","Compass","2017","Indigo","8924"
"4055024280132","Marilyn","Watson","zPerkins@Latz.org","1205 Mifflin Center","","Chino Hills","VA","2155300","Purple","commodi explicabo error et non harum autem blanditiis provident in.","HFR5H1AJ93UCZPKTK","Volkswagen","Jetta","2004","Blue","30212"
"0832282191133","Bruce","Jones","uCampbell@Kaymbo.name","1856 Montana Terrace","","Laguna Niguel","PA","0449378","Turquoise","odit pariatur et sit iste alias.","B2VE23K37DK0GD0AL","Mazda","Mazda3","2016","Goldenrod","11341"
"2374328160134","Jeffrey","Spencer","possimus_dolor@Divape.edu","3971 Rieder Pass","","Brawley","GA","5019642","Blue","possimus unde ratione ipsum totam qui cumque blanditiis!","BHUMLLP95279X1JZ4","Mercedes-Benz","GLE","2001","Crimson","30929"
"1838530175135","Edward","Patterson","kPerez@Browsecat.com","3722 Butterfield Junction","","Santa Monica","TN","1851655","Turquoise","placeat ut magnam molestiae eum maiores dolor consequatur a.","VYL0F4ZHDYV2LGPVR","Ram","2500","2023","Green","15750"
"1774258367136","Emily","Harvey","TinaBarnes@Centimia.com","4736 Lunder Trail","","Laguna Woods","NY","4491728","Maroon","molestias et eos aliquam sunt facere dolores consequatur.","A7HTMMCPXTVAPVUSU","Chrysler","200","2021","Crimson","7434"
"0223721380137","Roger","Simmons","illo_iure@Meevee.info","8964 Dennis Terrace","","Grand Terrace","NH","0126125","Turquoise","amet quas enim eius consequatur.","DFLN6ECALKMSTTX1M","Chevrolet","Bolt","1999","Khaki","14145"
"3237841949138","Emily","Wheeler","laborum_sapiente_aut@Meeveo.gov","7286 Boyd Court","","Galt","WY","0716598","Fuscia","cum fugiat quos harum.","1HRM6DLF838KN8KWD","Chrysler","200","1995","Pink","27574"
"4293250315139","Philip","Murphy","pRyan@Fanoodle.gov","8751 Columbus Alley","","Dana Point","ID","7051019","Goldenrod","qui voluptas voluptates sunt.","SJ28L6CWVJTHDDLK6","Dodge","Durango","2008","Aquamarine","20365"
"2357951776140","Laura","Banks","placeat@Zoombeat.net","1178 Maple Circle","","West Covina","AZ","9607509","Violet","blanditiis est non ab aut.","6VJWVWZGRW8S0NJE1","Cadillac","ATS","2000","Violet","29418"
"9025513038141","Irene","Williams","qui_rerum@Skilith.net","3710 Mcguire Hill","","Redding","MN","9033033","Turquoise","officia possimus rerum dolor minus officia.","3VB6F58EDG3D8WL5A","Mazda","Mazda3","2011","Yellow","10941"
"6998759646142","James","Montgomery","8Harvey@Avavee.mil","7455 Goodland Plaza","","Monterey","IA","4466880","Aquamarine","eum et accusamus et reprehenderit.","T74MTYY2XSHNPG9VR","GMC","Yukon","2014","Indigo","34748"
"1096870755143","Louis","Warren","CarolRay@Rhynyx.biz","8060 Fremont Junction","","Pleasanton","MO","9286853","Khaki","at minus modi repellat.","432C6LFBB4XSVY0YW","Nissan","Rogue","1994","Crimson","13828"
"4724336464144","Matthew","Lawrence","FrankMedina@Edgetag.mil","45 David Alley","","Orland","CO","7387010","Turquoise","porro minus enim reiciendis nobis.","3T16LSJT9YWJSATYA","Lincoln","Nautilus","1998","Crimson","11465"
"7827320447145","Andrea","Weaver","rPayne@Mycat.biz","9547 Chinook Hill","","Loma Linda","IL","3133565","Aquamarine","quibusdam est libero est quis excepturi omnis molestias enim consequatur omnis officia et.","S6VCDPEN3DYV7FHE8","Audi","Q7","2015","Violet","17082"
"6641805464146","Pamela","Hunt","inventore_quo@Katz.net","7519 Green Ridge Terrace","","Ross","ND","1678115","Khaki","unde error similique earum fugiat.","SEC92KK9F1C7D1GBP","GMC","Acadia","2010","Green","21811"
"6285113455147","Nicole","Wallace","veritatis_repudiandae_error@Blognation.org","4132 Bayside Pass","","Delano","TN","1997264","Khaki","perferendis exercitationem saepe suscipit itaque natus esse ut voluptas tempore aliquid.","VSCK8EMRGBM3MRMMR","Honda","CR-V","1999","Purple","29719"
"7507412159148","Eric","Austin","RubyGibson@Shuffledrive.org","4522 Magdeline Alley","","Vallejo","GA","1079787","Violet","iste necessitatibus repellendus iure maxime.","KN192X9HCFMASTWJ2","BMW","X3","2022","Blue","17272"
"5229912535149","Larry","Moore","LouiseLopez@Wordware.name","8394 Steensland Junction","","Citrus Heights","OR","5613810","Aquamarine","rerum suscipit tenetur corporis et nam saepe.","Z49HL7200Z80XT99V","Mazda","Mazda3","2022","Blue","22830"
"4017106096150","Todd","Brooks","sed_harum@Oyoloo.edu","246 Pleasure Circle","","Dixon","MI","5276076","Yellow","natus ducimus eveniet iusto.","JXLGX1Y7TE3PCGEAU","Audi","Q3","2003","Maroon","21025"
"2765275022151","Jack","Pierce","sint_corporis@Skyvu.name","9242 Mallory Plaza","","Monterey","PA","6070005","Crimson","saepe eius aut nesciunt sit!","TWXS7H8BCFJ7XXGNA","GMC","Sierra","2023","Teal","21582"
"6623866332152","Paula","Mcdonald","rEllis@Livefish.info","8725 Cascade Lane","","Eureka","TN","4782111","Blue","omnis cum et dolorum.","18K7GFFKM9X9XJ7B9","Toyota","Prius","1995","Puce","35116"
"6780896687153","Nicole","Owens","MarkGray@Zoozzy.net","804 Hoffman Hill","","Ontario","MI","2127354","Puce","deserunt corrupti et qui.","V1TZBWCZGJ807GMW7","Volvo","XC40","2017","Aquamarine","29091"
"7710562165154","Kimberly","Welch","fJones@Shufflester.info","5689 Schurz Lane","","Bishop","CO","9801637","Violet","possimus ipsam molestiae rerum.","2CVG3U5P5ZRSKYLD4","Ford","Edge","2018","Khaki","14129"
"3773712896155","Robin","Russell","consectetur@Lazzy.net","781 Pepper Wood Plaza","","Clovis","GA","7382468","Pink","qui dicta totam molestiae mollitia voluptatem.","GXJ5VPEE1V99PCVDW","GMC","Acadia","1994","Green","29961"
"6453742933156","Aaron","Webb","dolorem_voluptas@Mynte.org","6330 Burning Wood Street","","Calabasas","WI","3838112","Puce","reprehenderit ipsum eos sint repellat quis molestiae!","Y4EE0W3GPS9XMFM8B","Dodge","Durango","2007","Pink","12655"
"7235200582157","Marilyn","Bennett","WillieHart@Midel.biz","1108 Meadow Ridge Park","","Exeter","RI","1716282","Crimson","quidem amet inventore sunt cupiditate non est.","A9RVM1EMTM9LLWWVW","Chrysler","Pacifica","1995","Goldenrod","22630"
"1095402796158","Sara","Hunt","mGreene@Divape.gov","3385 Kipling Hill","","La Puente","NH","0222428","Indigo","soluta nam illo officiis veniam nostrum.","TB63TSM1NR24RL3EA","Tesla","Model S","2017","Fuscia","27412"
"5135150532159","Patrick","Morris","EmilyGardner@Skibox.info","5989 Farragut Terrace","","San Mateo","NY","4840704","Teal","ex quia unde est numquam reprehenderit provident est ipsum.","9VLP0ZZXRGJNUGNDY","Hyundai","Kona","2009","Pink","26553"
"1056862361160","Sharon","Martin","JudithWalker@Jayo.info","6695 Myrtle Plaza","","Rolling Hills","CA","6086755","Goldenrod","aut reprehenderit quia.","513RHPGZR6VTH0NXP","Volkswagen","Golf","2016","Teal","11006"
"2913904183161","Mary","Hart","quia_hic_laboriosam@Lajo.info","836 Eastwood Circle","","San Dimas","MN","0022856","Orange","perferendis et quam quibusdam eos non aut illum.","8SK9BGHJ6SK1CJF4R","Nissan","Armada","2020","Pink","33118"
"0272422753162","Paul","Ellis","consequuntur_ut@Browsetype.biz","2036 Steensland Crossing","","Imperial Beach","NE","8785561","Khaki","provident quia consequatur sint dolorum consectetur doloremque.","TJAJ59ACHZNDY2VML","Audi","A7","2017","Teal","10530"
"1962847359163","Daniel","Price","tRose@Teklist.name","5550 Kenwood Way","","West Sacramento","HI","3468429","Purple","qui ut nostrum aut.","BK53K817YM0PVEH47","Chrysler","200","2012","Purple","16641"
"6975685064164","Jerry","Wheeler","JesseNelson@Brainsphere.gov","5265 Merrick Avenue","","San Gabriel","MD","0333262","Khaki","debitis iste molestias omnis enim a laboriosam praesentium illo aut.","CVDW40K97G5MMR84F","Cadillac","ATS","2016","Violet","8809"
"4402333466165","Philip","Kelley","aut_occaecati_labore@Twitterwire.net","47 Golf Course Way","","Tracy","UT","8479956","Aquamarine","porro nulla labore omnis cupiditate explicabo.","JZ7TT6DDHJL5N8Z67","Toyota","Camry","2001","Maroon","27383"
"0261789836166","Timothy","Washington","hPeterson@Buzzbean.name","1176 Chive Pass","","San Mateo","NC","8574307","Purple","et quasi molestiae eum dolor.","GMZCR4YG3A1U2FALL","Mazda","MX-5 Miata","2006","Yellow","21052"
"7349576495167","Frances","Bailey","rHansen@Fatz.biz","6976 Linden Place","","Ione","IL","0117140","Yellow","consequatur necessitatibus aut modi doloribus quia est vitae laboriosam.","TYZUMADTEHEY4V1GP","Ford","Focus","2000","Teal","12282"
"1760061469168","Joseph","Robinson","quo_tempore@Divavu.gov","5692 Artisan Point","","Chowchilla","MT","6254451","Violet","cupiditate et sed in dolor modi vel sed!","J63A8J9ZTALMAW08X","Chrysler","300","2023","Green","33691"
"4404048420169","Jane","Gray","temporibus_voluptatem@Roomm.org","9253 Caliangt Lane","","Live Oak","OH","7456139","Aquamarine","asperiores vero laboriosam.","H1A90DTAZJ9H7VMCW","Lincoln","Nautilus","2008","Mauv","30600"
"6555079026170","Edward","Cruz","jBlack@Zooveo.gov","5584 Amoth Terrace","","Porterville","ID","4169083","Blue","culpa adipisci quisquam vel!","KG6ZUEV5U0JE80597","Jeep","Compass","2013","Teal","15654"
"8737823400171","Amy","Pierce","dolor_omnis_iure@Reallinks.net","9465 Ilene Park","","Cudahy","OH","0106330","Crimson","nemo minima expedita autem sed.","VY00SUJU5DPL1ETZU","Hyundai","Tucson","1997","Fuscia","14207"
"1179336483172","Stephen","Gordon","EmilyFuller@Demimbu.com","3908 Schmedeman Point","","Oxnard","OK","6688776","Puce","ut necessitatibus ut et ipsa possimus.","96TBF880N7BLVDKWG","Chrysler","200","2016","Fuscia","23598"
"6774505657173","Jimmy","Henderson","MatthewStone@Brightdog.edu","8136 Barnett Pass","","South Lake Tahoe","SD","5093341","Green","veniam sunt ut nam quia non.","67MH1FSVLNM28WYNP","Toyota","Tundra","2011","Mauv","20646"
"8641105335174","Todd","Russell","JackHenderson@Camimbo.net","402 Mcguire Court","","Roseville","CA","9420135","Teal","quia ad iste deleniti voluptatem est.","33YXP3MZ4KSEX0M2Z","Tesla","Roadster","2022","Mauv","29761"
"3868406176175","Gerald","Hanson","oGarrett@Meezzy.edu","3082 Coleman Point","","Ross","AR","4115360","Mauv","enim ipsam nemo inventore.","5TA4NKRCW53FCBKXV","Audi","A6","2001","Green","22892"
"4703197559176","Annie","Jacobs","KatherineWatkins@Quatz.name","5799 Comanche Terrace","","Exeter","WI","1938207","Goldenrod","eligendi ut cumque quisquam.","P3DF7ZJKKSKEF29BB","Chrysler","300","1999","Khaki","20515"
"3965138574177","Robin","Garza","dolorem_nostrum@Tagpad.edu","4386 Packers Lane","","Rocklin","MD","8157695","Aquamarine","aperiam sit perspiciatis facilis nemo.","D2DUEFYPUTXFF7AH2","Jeep","Grand Cherokee","2003","Orange","34512"
"9929841692178","Jason","Owens","LoisMitchell@Jabberstorm.gov","7240 Badeau Center","","Scotts Valley","TX","2286925","Teal","et ullam iste quia assumenda voluptas voluptatem sit cum.","SET1T5BATJJWZJTWN","Audi","A6","2010","Violet","21955"
"0100817736179","Joshua","Sims","soluta_aut_eaque@Quamba.net","6496 Logan Park","","Manhattan Beach","VA","2314890","Turquoise","ad deleniti fugit quia ut qui.","15VBNCSV6ZC8HT287","Mazda","Mazda3","2011","Aquamarine","18397"
"6539959516180","Rose","Daniels","DonaldGray@Tagpad.edu","7353 Drewry Drive","","Chico","WI","2060565","Mauv","delectus et beatae!","PR5AWMR7ZR9WLJCPF","Volvo","V60","2013","Goldenrod","18719"
"5492214618181","Harold","Vasquez","recusandae@Devshare.biz","9807 Vahlen Pass","","Yreka","ID","5385605","Turquoise","saepe autem voluptatem enim et qui!","2EHSR4X7PLF6F89FA","Nissan","Frontier","2011","Goldenrod","26035"
"5366524707182","Philip","Welch","LarryColeman@Devify.com","7550 Havey Crossing","","Arvin","MS","3768074","Turquoise","quia eaque est eum dolores qui libero autem ipsum.","AYK3DB7U7HF0UNW9P","Audi","A8","2002","Puce","28853"
"4505700493183","Andrew","Washington","molestiae@Linkbuzz.edu","5604 Drewry Court","","Fairfield","CA","4848427","Purple","est laboriosam vitae est aspernatur quidem assumenda recusandae alias.","FY9TZ4Y3KP4DVE7G6","Jeep","Compass","2009","Aquamarine","12757"
"1471853952184","Jessica","Hudson","est@Fiveclub.com","7447 Westridge Drive","","Sunnyvale","KS","3664199","Orange","sunt excepturi quam fugiat.","B4WM69HLCMEZWVLJD","Lincoln","Navigator","1993","Turquoise","33936"
"6998570432185","Bonnie","Simpson","blanditiis@Gabvine.com","4080 Merry Terrace","","Sunnyvale","NC","9412222","Yellow","consectetur adipisci accusamus veniam asperiores modi.","PLU7HRZSW2Y1FNVPC","Lincoln","MKC","2017","Mauv","17557"
"5704552215186","Matthew","Sullivan","alias_iure@Topicshots.gov","648 Helena Alley","","Laguna Hills","MS","0871662","Pink","unde reiciendis magni aliquid maxime molestiae et.","X18GG3HHX79X3RU50","Volkswagen","Atlas","2018","Purple","11386"
"5423125987187","John","King","JesseGriffin@Bubbletube.org","8464 Fulton Terrace","","Rio Dell","NC","1073196","Aquamarine","vel tenetur impedit facere et itaque impedit quos quod.","86RNC48R7PH0YCZ82","Chrysler","300","1995","Fuscia","28405"
"8186319987188","Richard","Powell","magnam_accusamus_expedita@Fanoodle.org","8827 Sutherland Plaza","","Garden Grove","AK","3922249","Fuscia","quia voluptas non nihil tenetur quia qui.","PGB1MGDVDUWX0NHK1","Lincoln","Continental","2001","Crimson","30984"
"8509975438189","Virginia","Moreno","AlbertHolmes@Fiveclub.biz","5331 Bultman Junction","","Twentynine Palms","OK","7892196","Mauv","natus repudiandae veniam provident id inventore consequatur.","RVW6PXARFG2D50ZAP","BMW","X4","1998","Indigo","31914"
"4474706229190","Martha","Richardson","LawrenceJordan@Yakitri.net","1416 Schmedeman Pass","","Escondido","VT","0879860","Goldenrod","reprehenderit aut ipsum maxime.","YBR8X12GDTAZVB0ZN","Volkswagen","Tiguan","1995","Blue","19537"
"7037120944191","Karen","Crawford","jBanks@Janyx.biz","8313 Petterle Terrace","","Greenfield","MI","5629313","Orange","possimus labore nesciunt eos numquam quisquam molestiae.","30W92FVADZEWT6DV7","Audi","A6","2020","Violet","33888"
"6592846161192","Walter","Gonzalez","TimothyWilson@Demivee.name","8137 Northland Center","","Winters","MI","1688958","Orange","quia distinctio provident error ducimus aut pariatur!","76EHNJPH5P7N1X8DG","Toyota","Land Cruiser","2010","Indigo","31284"
"3475572965193","Paul","Andrews","ab_quis_neque@Kanoodle.org","4768 Badeau Plaza","","Petaluma","UT","8943143","Maroon","quae magnam et ad eum praesentium excepturi!","2L98EWXP2CYJUMSG9","Jeep","Renegade","2014","Teal","21150"
"4198494513194","Betty","Scott","quam_non_non@Avaveo.info","5300 Mesta Center","","San Clemente","MT","2276254","Indigo","eos qui quidem.","A69W4GDSAR5FFFGMF","Dodge","Dart","1995","Yellow","23293"
"3533417224195","Dorothy","Smith","AnneMarshall@Photospace.biz","1142 7th Parkway","","Riverbank","MO","5998001","Goldenrod","nobis sunt ut fuga earum ad rem inventore!","89A8BTB37BHG4AER0","Jeep","Renegade","1995","Pink","25824"
"3508003811196","Ann","Hamilton","rMarshall@Centizu.info","4253 Swallow Alley","","San Jose","NV","5947508","Goldenrod","perferendis officia in consequatur et labore.","DPW1BWDLYN68UWV28","Cadillac","CTS","2023","Khaki","16544"
"4705391446197","Albert","Cole","labore_officia_id@Gigazoom.net","7297 Cottonwood Crossing","","Daly City","WV","9726237","Green","dolores et perspiciatis nihil.","FE27F6BY09RWX2JPY","Jeep","Wrangler","2014","Red","21605"
"6663130514198","Marilyn","Williams","AnnaHughes@Topicshots.mil","3657 Hallows Way","","Rocklin","AL","0339920","Purple","soluta facilis odit.","ZVSKA0Z94K6V4ZP1F","BMW","7 Series","1995","Violet","12871"
"9220101670199","Antonio","Peters","4Sullivan@Jaloo.info","4834 Becker Drive","","Newman","AR","5869502","Crimson","dolor libero debitis ad quia nesciunt repudiandae qui fuga.","203W99BFFNHY8Z1TJ","Mazda","CX-9","2020","Crimson","12161"
"0685443509200","Joyce","Ortiz","3Murray@Thoughtbridge.net","2301 Atwood Way","","Santa Cruz","NM","7699983","Yellow","repudiandae et saepe ullam libero quis.","84FHXXC3YBJEPBSWP","Ram","1500","2005","Puce","15733"
"9171063414201","Evelyn","Richardson","debitis_dolore_dolores@Bubbletube.gov","2857 Straubel Hill","","Etna","AK","3496618","Red","voluptatibus qui eum neque neque neque est rem impedit sunt.","HUTAVE02SER8LHYRH","GMC","Canyon","1999","Khaki","10236"
"2667098734202","Douglas","Ruiz","nihil_sint_aut@Cogidoo.edu","8952 Union Circle","","Santa Cruz","OH","5147414","Blue","et voluptatem ullam beatae et.","DBXKGSWB2GA73NMKY","Jeep","Compass","2017","Teal","13600"
"9733111881203","Wayne","Duncan","JohnCunningham@Twitterbridge.net","7819 Kipling Way","","Stockton","NV","2571241","Crimson","ex sed ea eligendi asperiores repellat sit.","U7FAJY72575XFCYH0","Dodge","Challenger","2019","Khaki","26163"
"2465132577204","Christine","Ferguson","quia_et_quis@Jaxworks.name","6303 Mcbride Center","","Fontana","TN","0642051","Pink","voluptatum unde tempore provident.","D3JVTUPDECU8C387K","Toyota","Tacoma","2014","Orange","29989"
"3603651259205","Patrick","Fuller","AngelaCollins@Lazz.mil","8850 Lake View Road","","Montclair","TN","1201793","Yellow","ut eum culpa aut magni praesentium!","KLKF6289P3MR89K6M","Volvo","V60","2006","Orange","35610"
"5751544501206","Jeffrey","Larson","aLittle@Browsedrive.com","820 Graedel Lane","","Needles","MD","4596034","Yellow","omnis ut dicta neque qui.","FFRRAKRFYTBS25U6M","Honda","Odyssey","2016","Indigo","30264"
"3672601947207","Margaret","Hudson","animi_nihil_velit@Tagtune.name","6817 Hermina Drive","","Brawley","CA","0507254","Yellow","nostrum non repudiandae quam veritatis nihil placeat exercitationem.","173ZDT69WJ2Y8C4NX","Mercedes-Benz","G-Class","2009","Aquamarine","24494"
"5269823715208","Victor","Larson","qReyes@Edgewire.com","7681 Crescent Oaks Point","","Citrus Heights","NE","7977749","Purple","optio aliquam quo veniam.","1LYK1MJ2KLZ94JMS0","Lincoln","Navigator","1993","Purple","10764"
"3138244122209","Wanda","Rodriguez","repellat_at_occaecati@Livepath.info","4247 Butternut Junction","","Lawndale","ND","4270799","Mauv","cumque eum eaque facere.","J0TM01D98GUS4LA03","Nissan","Kicks","2016","Green","19475"
"4805966449210","Donald","Snyder","TerryBradley@Rooxo.info","4487 Bartelt Point","","Corcoran","DE","6436932","Orange","aliquid harum ipsa labore.","Y5U9BE1GGD755HT5N","Buick","LaCrosse","1998","Aquamarine","30599"
"7426976964211","Chris","Sims","repellendus_eaque@Jabbertype.info","9238 Prentice Junction","","San Diego","CA","9224164","Pink","perferendis tempora cupiditate ratione et.","JZ3VGU4THL0H09DR6","Lincoln","Navigator","2014","Maroon","22667"
"7342650543212","William","Lee","qui@Eire.biz","4500 Fuller Place","","Maywood","AZ","4524092","Violet","necessitatibus consequuntur iste ut minus voluptatem.","AS1Y8AX6J2AAEF555","Audi","A3","2008","Pink","29518"
"0540983946213","Laura","Ryan","GaryStone@Skalith.org","9490 Troy Junction","","Beverly Hills","FL","6222241","Orange","nostrum et magni qui eum omnis.","2TMRFFRRA9FAAW4AL","Ram","1500","1997","Red","14594"
"8686647557214","Melissa","Black","eMason@Avamba.net","3830 Hoepker Circle","","Palmdale","SD","2433266","Fuscia","nobis earum perferendis a tenetur.","90AZV7X5RG7XE89TV","Buick","Envision","2006","Crimson","25977"
"3156940616215","Thomas","Kelley","2Sanders@Yakitri.edu","4205 Victoria Junction","","Montclair","MN","8671862","Purple","architecto reprehenderit asperiores est nulla quidem nihil.","NSCPY8TK9DEZWTMVR","Buick","Encore","2004","Pink","12328"
"4451265680216","Susan","Garza","2Wilson@Jayo.org","1695 Columbus Lane","","South Gate","SD","2225449","Teal","aut dignissimos voluptatem.","HXUFSLDTL829FL0MW","Kia","Stinger","2006","Turquoise","31491"
"4318683515217","Steven","Griffin","LoisKelley@Jaxworks.mil","6713 Gerald Avenue","","Azusa","WV","5040634","Goldenrod","amet totam voluptatem illum beatae exercitationem consequatur est velit!","S4595P37A7TVVLAKH","Toyota","Tundra","1997","Red","29202"
"5295709689218","Helen","Ray","fDean@Voolith.info","4943 Tennessee Point","","Orland","ID","1104372","Blue","eos tenetur vel molestiae molestiae reprehenderit omnis deleniti velit ut ut ut nesciunt.","DR9CGUNTSGTN6H784","Volvo","XC90","2022","Red","23683"
"2210965556219","Bonnie","White","JohnnyWelch@Browsecat.name","4842 Shoshone Avenue","","Willows","CO","2168376","Aquamarine","repellendus magni tenetur quia ut reiciendis nihil.","7NMPD0286P7125F2H","Jeep","Cherokee","2002","Aquamarine","22377"
"2370607751220","Tina","Wright","ChristinaLopez@InnoZ.name","4061 Northport Parkway","","Yorba Linda","DE","7603957","Orange","aut vitae doloremque velit!","YG5F92J68FV4N7AL2","Hyundai","Ioniq","2015","Mauv","19929"
"6246649600221","Anthony","Jenkins","0Phillips@Livepath.net","9952 Farwell Park","","Oroville","WI","1584481","Mauv","dignissimos incidunt quo modi harum perferendis.","E5M4P6MRU904DX2CK","Ram","1500","2023","Maroon","20110"
"7431811781222","Lillian","Jones","oMorrison@Edgewire.mil","4623 Moland Way","","Monte Sereno","KY","2264425","Teal","laudantium quidem quasi cumque eius esse sit expedita aut.","V75FYRDL42NDW1HLX","Lincoln","Continental","2006","Maroon","33686"
"2893154453223","Albert","Hamilton","StephenWelch@Centizu.info","4129 Dennis Pass","","Willits","MS","5876880","Maroon","quia quaerat qui.","72WRR4C7KWLJL69C0","Toyota","4Runner","2003","Violet","18467"
"8962953325224","Steven","Reid","FrankTaylor@Twinder.gov","1470 Springview Center","","Anaheim","NH","2458878","Fuscia","qui voluptates enim pariatur culpa mollitia.","U5DMUVC5Z13TEYEN4","GMC","Acadia","2001","Puce","11150"
"4683380087225","Gerald","Simpson","ut_sint_quia@Katz.net","6471 Blackbird Park","","Seal Beach","GA","8109142","Orange","et corrupti voluptatem beatae illum architecto in.","6SBTKXUUR9359GEVA","Mazda","CX-3","2004","Purple","11317"
"5999046620226","Amy","Hernandez","in@Thoughtbeat.name","8615 Florence Plaza","","Duarte","MI","1070404","Puce","expedita est animi corporis possimus adipisci iste eligendi.","5Y2YTCR116AATJ2KK","BMW","6 Series","2008","Aquamarine","21963"
"9741515269227","Arthur","Little","adipisci_voluptatum@Mynte.org","8419 Carioca Circle","","Avenal","CA","8490860","Turquoise","cumque similique sunt magni est tenetur eos.","2HK0SGZRVBBW4ARV1","Chevrolet","Tahoe","1995","Goldenrod","12271"
"8466532181228","Shirley","James","GregoryWheeler@Centimia.org","9405 Crowley Road","","Oxnard","OK","6637986","Maroon","necessitatibus occaecati non architecto eligendi ex sed itaque nemo.","RMKX9R88RCMYWJ7Z3","Kia","Cadenza","2020","Crimson","18168"
"8366571474229","Karen","Williamson","eum_accusamus@Voonte.edu","1686 Rutledge Road","","Piedmont","ND","5540061","Red","reprehenderit recusandae voluptatibus at beatae.","ZFPA4R925MSM8HMH9","Tesla","Model S","1993","Green","21846"
"5757352746230","Eugene","Henry","cWalker@Fivespan.net","3194 Acker Plaza","","Loomis","WY","8030682","Red","incidunt inventore voluptatibus ducimus error aut nulla.","GF0R6TUN2GDDUBS5S","Mazda","CX-3","2008","Goldenrod","26585"
"0137957891231","Ronald","Ruiz","9Foster@Quaxo.name","7559 Sugar Road","","Woodside","NE","4833037","Red","illum pariatur minima tempore.","BBR4C5N93NVAU4594","Jeep","Cherokee","2011","Red","31428"
"3128543193232","James","Diaz","eKim@Skipstorm.org","9862 Charing Cross Parkway","","Calimesa","KS","3547361","Goldenrod","eum quo odio ea rerum ea quibusdam rerum harum maxime.","LZ5KK26EALPD0MFYE","Ram","3500","2021","Teal","28608"
"5588247547233","Carolyn","Knight","cGriffin@Photofeed.info","6800 Tennyson Crossing","","Culver City","CO","7589729","Turquoise","quisquam sunt quas saepe laboriosam vitae provident tempore ut.","G9XAZF0K3N66VDXJP","Ford","Focus","2020","Yellow","21848"
"4977033852234","Raymond","Peterson","5Gordon@Gabspot.info","2520 Anniversary Drive","","Woodland","OH","3996711","Purple","sed illo facilis quis omnis.","0JU7ZDCSDZ7BX2NZB","BMW","X5","2018","Turquoise","6905"
"3086151559235","Elizabeth","Mccoy","nWilliams@Browsetype.net","1531 Coolidge Hill","","Lake Elsinore","OR","8708107","Green","ducimus dolor natus labore aliquid autem.","HYG2N6CCFSRHN54WT","Lincoln","MKZ","1996","Green","11867"
"3070455403236","Mark","Ferguson","KeithMartinez@Skiba.com","7364 Holy Cross Center","","Nevada City","NY","7620368","Pink","illum deleniti error iste ea aspernatur.","82AJVC6TNUWVST5SR","Chrysler","300","2016","Indigo","20669"
"0833892559237","Arthur","Hansen","sit@Dynazzy.gov","7950 Barnett Court","","Santa Cruz","ID","3813921","Crimson","et quibusdam fugit illo ex!","TSFAAWWSZA5A1RDN1","Jeep","Compass","2000","Orange","15829"
"4546366427238","Russell","Reyes","RandyGeorge@Youtags.org","3949 Nova Alley","","Sierra Madre","IL","5368452","Aquamarine","ut fugiat consequuntur rerum eligendi quis accusamus.","YBCUZ529KZ7SLEF0B","Volkswagen","Golf","2002","Green","7069"
"9995907334239","Nicole","Ruiz","MargaretMorgan@Realbuzz.name","9866 Dapin Pass","","Fortuna","AZ","8827764","Crimson","tempore delectus fugit eaque est.","X8DATV5F69FUJNRLJ","Buick","Encore","1997","Maroon","10116"
"1519211120240","Judy","Garrett","1Hudson@Linkbuzz.name","7930 Columbus Way","","Union City","CO","1772891","Maroon","voluptatum ipsa nihil rerum qui omnis est in.","4D2SVAG9UU93FZWVA","Toyota","Tacoma","2019","Khaki","17835"
"8799031502241","Mary","Hernandez","AnnAnderson@Wordware.net","842 Nobel Junction","","Santa Ana","MD","4348642","Yellow","id sunt at fugit.","PLV85WS92L2C2PC82","Volvo","S60","1999","Green","32544"
"6553760735242","Eric","Stevens","BenjaminLawson@Yombu.net","4471 Prairie Rose Court","","Palo Alto","WV","4072284","Puce","magni iusto officiis est molestiae aspernatur optio magni optio sed!","M53TWDKCJY0FCS71C","Kia","Forte","2012","Maroon","19757"
"4119186606243","Norma","Barnes","oThomas@Yata.info","3859 Hayes Terrace","","Windsor","AL","1217245","Blue","vitae magnam est.","SFUW3WG47ESM33M8N","Toyota","Sequoia","2021","Indigo","9809"
"3607407690244","Cynthia","Stephens","nostrum_inventore@Aimbo.org","6254 Granby Crossing","","Hawthorne","TN","0683345","Fuscia","fugit sed facilis iusto id.","M1LD3RYPGMP2GXV0Z","Toyota","Corolla","1994","Khaki","17858"
"9999886277245","Timothy","Bailey","LauraPhillips@Zoozzy.name","2421 Springs Way","","Selma","OR","4116820","Green","alias id deleniti et sit et quia blanditiis.","DCW70UTLCX31ZA905","BMW","7 Series","2021","Teal","25590"
"3964001557246","Andrea","Gibson","quo@Lazzy.org","1372 Northport Avenue","","Thousand Oaks","MN","1331038","Mauv","commodi officiis est.","LH2Y3PBUUJ1U6ZDFU","Ford","Taurus","2007","Crimson","17691"
"1234519014247","Lori","Snyder","ducimus@Zoombox.net","5936 Thompson Crossing","","West Covina","AR","5811821","Purple","quas sit est.","8X8ZK7397KDW3ATW4","Chrysler","200","2016","Puce","15625"
"3271804764248","Samuel","Stanley","voluptate_architecto_numquam@Kimia.edu","5627 Leroy Crossing","","Monterey","SC","8924114","Green","dolorem quaerat nobis sint nemo laboriosam quo!","4KX0PDK2MUUL48NH9","Cadillac","XT4","2011","Turquoise","7256"
"4266534862249","Lois","Lynch","cupiditate_sunt_porro@Yamia.edu","6418 Thackeray Plaza","","Willows","LA","4950935","Crimson","nemo vero quidem autem.","CHLJDKF9GXG10E7SF","GMC","Canyon","2021","Purple","32102"
